Brand,Model,Variant,Engine Capacity (cc),Power (bhp),Torque (Nm),Mileage (km/l),Top Speed (km/h),Acceleration,Transmission,Fuel Tank (L),Front Brake,Rear Brake,Braking System,Front Suspension,Rear Suspension,Weight (kg),Seat Height (mm),Ground Clearance (mm),Wheelbase (mm),Features,Service Interval,Maintenance Cost,Price (₹),Launch Year,Fuel Type,5 Year TCO (₹),Images
Honda,Activa 110,STD,109.51,7.8,9.05,50-55,85,~10 sec,CVT,5.3,Drum,Drum,CBS,Telescopic,3-step adjustable,106.0,765.0,162.0,1260.0,"Analog, eSP",6000 km,Low,80000,2025,Petrol,120000,/assets/Scooters/Honda/Activa 110.png
Honda,Activa 110,DLX,109.51,7.8,9.05,50-55,85,~10 sec,CVT,5.3,Drum,Drum,CBS,Telescopic,Same,106.0,765.0,162.0,1260.0,LED + digital,6000 km,Low,85000,2025,Petrol,125000,/assets/Scooters/Honda/Activa 110.png
Honda,Activa 110,Anniversary Edition,109.51,7.8,9.05,50-55,85,~10 sec,CVT,5.3,Drum,Drum,CBS,Telescopic,Same,106.0,765.0,162.0,1260.0,Special edition,6000 km,Low,87000,2025,Petrol,128000,/assets/Scooters/Honda/Activa 110.png
Honda,Dio 110,STD,109.51,7.6,9.03,50-55,83,~10 sec,CVT,5.3,Drum,Drum,CBS,Telescopic,3-step adjustable,105.0,765.0,160.0,1260.0,Analog meter,6000 km,Low,88000,2020,Petrol,130000,/assets/Scooters/Honda/Dio 110.png
Honda,Dio 110,DLX,109.51,7.6,9.03,50-55,83,~10 sec,CVT,5.3,Drum,Drum,CBS,Telescopic,Same,105.0,765.0,160.0,1260.0,Digital console,6000 km,Low,92000,2020,Petrol,135000,/assets/Scooters/Honda/Dio 110.png
Honda,Dio 125,DLX,123.92,8.19,10.5,48,95,~9 sec,CVT,5.3,Disc,Drum,CBS,Telescopic,3-step adjustable,105.0,708.0,171.0,1260.0,TFT + Bluetooth,6000 km,Low,91000,2023,Petrol,140000,/assets/Scooters/Honda/Dio 125.png
Honda,Dio 125,X-Edition,123.92,8.19,10.5,48,95,~9 sec,CVT,5.3,Disc,Drum,CBS,Telescopic,Same,105.0,708.0,171.0,1260.0,Sporty graphics,6000 km,Low,92000,2024,Petrol,142000,/assets/Scooters/Honda/Dio 125.png
Honda,Dio 125,H-Smart,123.92,8.19,10.5,48,95,~9 sec,CVT,5.3,Disc,Drum,CBS,Telescopic,Same,104.0,708.0,171.0,1260.0,Smart key,6000 km,Low,96000,2024,Petrol,145000,/assets/Scooters/Honda/Dio 125.png
Honda,Activa 125,DLX,123.92,8.3,10.5,47,90,~9 sec,CVT,5.3,Disc,Drum,CBS,Telescopic,3-step adjustable,107.0,765.0,162.0,1260.0,Semi-digital,6000 km,Low,104000,2020,Petrol,150000,/assets/Scooters/Honda/Activa 125.png
Honda,Activa 125,H-Smart,123.92,8.3,10.5,47,90,~9 sec,CVT,5.3,Disc,Drum,CBS,Telescopic,Same,107.0,765.0,162.0,1260.0,Smart key,6000 km,Low,108000,2023,Petrol,155000,/assets/Scooters/Honda/Activa 125.png
Honda,Activa 125,Anniversary Edition,123.92,8.3,10.5,47,90,~9 sec,CVT,5.3,Disc,Drum,CBS,Telescopic,Same,107.0,765.0,162.0,1260.0,Special badge,6000 km,Low,106000,2025,Petrol,152000,/assets/Scooters/Honda/Activa 125.png
TVS,Ntorq 150,Concept,149.0,13,12.5,40,110,~7 sec,CVT,6,Disc,Disc,ABS,Telescopic,Mono shock,120.0,770.0,160.0,1300.0,Sport scooter concept,6000 km,Medium,120000,Concept,Petrol,180000,/assets/Scooters/TVS/Ntorq 150.png
TVS,Ntorq 125,STD,124.8,9.4,10.5,45-50,95,~6.5 sec,CVT,5,Disc,Drum,CBS,Telescopic,Gas charged,116.0,765.0,155.0,1285.0,"Bluetooth, SmartXonnect",6000 km,Medium,90000,2018,Petrol,145000,/assets/Scooters/TVS/NTORQ 125.png
TVS,Ntorq 125,Race XP,124.8,10,10.8,45,105,~6.5 sec,CVT,5,Disc,Drum,CBS,Telescopic,Gas charged,116.0,765.0,155.0,1285.0,Riding modes,6000 km,Medium,100000,2021,Petrol,155000,/assets/Scooters/TVS/NTORQ 125.png
TVS,Jupiter 110,STD,109.7,7.3,8.4,50-55,85,~10 sec,CVT,5.3,Drum,Drum,CBS,Telescopic,Gas charged,104.0,765.0,163.0,1275.0,External fuel fill,6000 km,Low,75000,2024,Petrol,120000,/assets/Scooters/TVS/Jupiter 110.png
TVS,Jupiter 110,ZX,109.7,7.3,8.4,50-55,85,~10 sec,CVT,5.3,Disc,Drum,CBS,Telescopic,Gas charged,105.0,765.0,163.0,1275.0,Digital console,6000 km,Low,85000,2024,Petrol,130000,/assets/Scooters/TVS/Jupiter 110.png
TVS,Jupiter 125,Drum,124.8,8,10.5,50-57,95,~9 sec,CVT,5.1,Drum,Drum,CBS,Telescopic,Gas charged,108.0,765.0,163.0,1275.0,Large storage,6000 km,Low,85000,2023,Petrol,135000,/assets/Scooters/TVS/Jupiter 125.png
TVS,Jupiter 125,Disc,124.8,8,10.5,50-57,95,~9 sec,CVT,5.1,Disc,Drum,CBS,Telescopic,Gas charged,108.0,765.0,163.0,1275.0,Front disc,6000 km,Low,90000,2023,Petrol,140000,/assets/Scooters/TVS/Jupiter 125.png
TVS,Zest 110,STD,109.7,7.8,8.8,48,85,~10 sec,CVT,5,Drum,Drum,CBS,Telescopic,Hydraulic,103.0,760.0,150.0,1250.0,Lightweight design,6000 km,Low,75000,2024,Petrol,120000,/assets/Scooters/TVS/Zest 110.png
Hero,Destini 110,STD,110.9,8,8.7,50,85,~10 sec,CVT,5,Drum,Drum,CBS,Telescopic,Spring loaded,113.0,765.0,155.0,1245.0,Metal body,6000 km,Low,70000,2020,Petrol,120000,frontend/public/assets/Scooters/Hero/Destini 125.png
Hero,Xoom 160,STD,156.0,14,13.7,40,110,~8 sec,CVT,7,Disc,Disc,ABS,Telescopic,Mono shock,140.0,780.0,165.0,1350.0,"Maxi design, TFT",6000 km,Medium,150000,2025,Petrol,180000,/assets/Scooters/Hero/Xoom 160.png
Hero,Xoom 125,STD,124.6,9.5,10.4,45,95,~9 sec,CVT,5,Disc,Drum,CBS,Telescopic,Spring loaded,120.0,775.0,155.0,1300.0,Sporty design,6000 km,Medium,100000,2025,Petrol,150000,frontend/public/assets/Scooters/Hero/Xoom 160.png
Hero,New Destini 125,STD,124.6,9,10.4,50,90,~9 sec,CVT,5,Drum,Drum,CBS,Telescopic,Spring loaded,115.0,770.0,155.0,1245.0,Metal body,6000 km,Low,85000,2023,Petrol,135000,/assets/Scooters/Hero/Destini 125.png
Hero,New Destini 125,XTEC,124.6,9,10.4,50,90,~9 sec,CVT,5,Disc,Drum,CBS,Telescopic,Spring loaded,115.0,770.0,155.0,1245.0,"Bluetooth, digital",6000 km,Low,90000,2023,Petrol,140000,/assets/Scooters/Hero/Destini 125.png
Hero,Destini Prime,STD,124.6,9,10.4,50,90,~9 sec,CVT,5,Drum,Drum,CBS,Telescopic,Spring loaded,115.0,770.0,155.0,1245.0,Budget variant,6000 km,Low,80000,2023,Petrol,135000,frontend/public/assets/Scooters/Hero/Destini 125.png
Hero,Xoom 110,LX,110.9,8.1,8.7,45,87,~9 sec,CVT,5.2,Drum,Drum,CBS,Telescopic,Spring loaded,108.0,770.0,155.0,1300.0,Basic variant,6000 km,Medium,80000,2023,Petrol,130000,frontend/public/assets/Scooters/Hero/Xoom 160.png
Hero,Xoom 110,VX,110.9,8.1,8.7,45,87,~9 sec,CVT,5.2,Disc,Drum,CBS,Telescopic,Spring loaded,108.0,770.0,155.0,1300.0,Cornering lights,6000 km,Medium,85000,2023,Petrol,135000,frontend/public/assets/Scooters/Hero/Xoom 160.png
Hero,Xoom 110,ZX,110.9,8.1,8.7,45,87,~9 sec,CVT,5.2,Disc,Drum,CBS,Telescopic,Spring loaded,108.0,770.0,155.0,1300.0,Sporty graphics,6000 km,Medium,90000,2023,Petrol,140000,frontend/public/assets/Scooters/Hero/Xoom 160.png
Hero,Pleasure+,XTEC Drum,110.9,8,8.7,50,85,~10 sec,CVT,4.8,Drum,Drum,CBS,Telescopic,Spring loaded,104.0,765.0,155.0,1238.0,Bluetooth,6000 km,Low,80000,2023,Petrol,125000,/assets/Scooters/Hero/Pleasure+.png
Hero,Pleasure+,XTEC Disc,110.9,8,8.7,50,85,~10 sec,CVT,4.8,Disc,Drum,CBS,Telescopic,Spring loaded,104.0,765.0,155.0,1238.0,Digital console,6000 km,Low,85000,2023,Petrol,130000,/assets/Scooters/Hero/Pleasure+.png
Suzuki,Access 125,Standard Edition,124.0,8.7,10,50,90,~9 sec,CVT,5.3,Drum,Drum,CBS,Telescopic,Swing arm,103.0,773.0,160.0,1265.0,Basic features,6000 km,Low,80000,2023,Petrol,130000,/assets/Scooters/Suzuki/Access 125.png
Suzuki,Access 125,Special Edition,124.0,8.7,10,50,90,~9 sec,CVT,5.3,Disc,Drum,CBS,Telescopic,Swing arm,104.0,773.0,160.0,1265.0,Chrome styling,6000 km,Low,90000,2023,Petrol,140000,/assets/Scooters/Suzuki/Access 125.png
Suzuki,Access 125,Ride Connect Edition,124.0,8.7,10,50,90,~9 sec,CVT,5.3,Disc,Drum,CBS,Telescopic,Swing arm,104.0,773.0,160.0,1265.0,Bluetooth console,6000 km,Low,92000,2023,Petrol,142000,/assets/Scooters/Suzuki/Access 125.png
Suzuki,Access 125,Ride Connect TFT Edition,124.0,8.7,10,50,90,~9 sec,CVT,5.3,Disc,Drum,CBS,Telescopic,Swing arm,104.0,773.0,160.0,1265.0,TFT display,6000 km,Low,95000,2024,Petrol,145000,/assets/Scooters/Suzuki/Access 125.png
Suzuki,Access 125,Ride Connect ABS Edition,124.0,8.7,10,50,90,~9 sec,CVT,5.3,Disc,Drum,ABS,Telescopic,Swing arm,105.0,773.0,160.0,1265.0,ABS braking,6000 km,Medium,100000,2024,Petrol,150000,/assets/Scooters/Suzuki/Access 125.png
Suzuki,Access 125,Ride Connect TFT ABS Edition,124.0,8.7,10,50,90,~9 sec,CVT,5.3,Disc,Drum,ABS,Telescopic,Swing arm,105.0,773.0,160.0,1265.0,TFT + ABS,6000 km,Medium,105000,2024,Petrol,155000,/assets/Scooters/Suzuki/Access 125.png
Suzuki,Avenis 125,Base,124.3,8.6,10,49,90,~9 sec,CVT,5.2,Disc,Drum,CBS,Telescopic,Swing arm,106.0,780.0,160.0,1265.0,Basic sporty design,6000 km,Low,90000,2023,Petrol,140000,/assets/Scooters/Suzuki/Avenis 125.png
Suzuki,Avenis 125,Standard Edition,124.3,8.6,10,49,90,~9 sec,CVT,5.2,Disc,Drum,CBS,Telescopic,Swing arm,106.0,780.0,160.0,1265.0,Digital console,6000 km,Low,92000,2023,Petrol,142000,/assets/Scooters/Suzuki/Avenis 125.png
Suzuki,Avenis 125,Special Edition,124.3,8.6,10,49,90,~9 sec,CVT,5.2,Disc,Drum,CBS,Telescopic,Swing arm,106.0,780.0,160.0,1265.0,Special graphics,6000 km,Low,95000,2023,Petrol,145000,/assets/Scooters/Suzuki/Avenis 125.png
Suzuki,Burgman Street 125,Standard,124.0,8.7,10,50,95,~9 sec,CVT,5.5,Disc,Drum,CBS,Telescopic,Swing arm,110.0,780.0,160.0,1265.0,"LED headlamp, digital console",6000 km,Low,95000,2023,Petrol,145000,/assets/Scooters/Suzuki/Burgman Street 125.png
Suzuki,Burgman Street 125,Ride Connect Edition,124.0,8.7,10,50,95,~9 sec,CVT,5.5,Disc,Drum,CBS,Telescopic,Swing arm,110.0,780.0,160.0,1265.0,"Bluetooth, navigation",6000 km,Low,100000,2023,Petrol,148000,/assets/Scooters/Suzuki/Burgman Street 125.png
Suzuki,Burgman Street EX,Standard,124.0,8.6,10,55,95,~9 sec,CVT,5.5,Disc,Drum,CBS,Telescopic,Swing arm,111.0,780.0,160.0,1265.0,"Silent start, Engine auto stop-start, E20 compatible",6000 km,Low,110000,2023,Petrol,155000,/assets/Scooters/Suzuki/Burgman Street EX.png
Yamaha,RayZR 125 Fi Hybrid,Drum,125.0,8,10.3,50,90,~9 sec,CVT,5.2,Drum,Drum,UBS,Telescopic,Unit swing,99.0,785.0,145.0,1280.0,"Hybrid assist, SMG",6000 km,Low,85000,2023,Petrol,130000,/assets/Scooters/Yamaha/RayZR 125.png
Yamaha,RayZR 125 Fi Hybrid,Disc,125.0,8,10.3,50,90,~9 sec,CVT,5.2,Disc,Drum,UBS,Telescopic,Unit swing,99.0,785.0,145.0,1280.0,"LED, digital console",6000 km,Low,90000,2023,Petrol,135000,/assets/Scooters/Yamaha/RayZR 125.png
Yamaha,RayZR 125 Fi Hybrid,Street Rally,125.0,8,10.3,50,90,~9 sec,CVT,5.2,Disc,Drum,UBS,Telescopic,Unit swing,100.0,785.0,145.0,1280.0,"Block pattern tyres, sporty design",6000 km,Low,95000,2023,Petrol,140000,/assets/Scooters/Yamaha/RayZR 125.png
Yamaha,Aerox 155,Standard,155.0,15,13.9,40,115,~7 sec,CVT,5.5,Disc,Drum,ABS,Telescopic,Twin shock,126.0,790.0,145.0,1350.0,Liquid cooled engine,6000 km,Medium,150000,2023,Petrol,180000,/assets/Scooters/Yamaha/Aerox 155.png
Yamaha,Aerox 155,S Version,155.0,15,13.9,40,115,~7 sec,CVT,5.5,Disc,Drum,ABS,Telescopic,Twin shock,126.0,790.0,145.0,1350.0,Smart key system,6000 km,Medium,155000,2023,Petrol,185000,/assets/Scooters/Yamaha/Aerox 155.png
Honda,Activa 6G,Standard,109.51,7.8,8.9,60,85,0–60 in ~7 sec,Automatic (CVT),5.3,Drum,Drum,CBS,Telescopic,3-Step Adjustable Spring,106.0,765.0,171.0,1260.0,"Silent Start (ACG), eSP Tech",3000 km,Low,75000,2020,Petrol,"1,20,000",/assets/Scooters/Honda/Activa 6G.png
Honda,Activa 6G,Deluxe,109.51,7.8,8.9,60,85,0–60 in ~7 sec,Automatic (CVT),5.3,Drum,Drum,CBS,Telescopic,3-Step Adjustable Spring,107.0,765.0,171.0,1260.0,"LED Headlamp, External Fuel Lid",3000 km,Low,80000,2020,Petrol,"1,25,000",/assets/Scooters/Honda/Activa 6G.png
Honda,Activa 6G,Premium Edition,109.51,7.8,8.9,60,85,0–60 in ~7 sec,Automatic (CVT),5.3,Drum,Drum,CBS,Telescopic,3-Step Adjustable Spring,107.0,765.0,171.0,1260.0,"Premium Colors, Chrome Finish",3000 km,Low,83000,2021,Petrol,"1,28,000",/assets/Scooters/Honda/Activa 6G.png
Honda,Activa H-Smart,Smart Key,109.51,7.8,8.9,60,85,0–60 in ~7 sec,Automatic (CVT),5.3,Drum,Drum,CBS,Telescopic,3-Step Adjustable Spring,107.0,765.0,171.0,1260.0,"Smart Key, Anti-Theft, Remote Unlock",3000 km,Low,85000,2023,Petrol,"1,30,000",/assets/Scooters/Honda/Activa H-Smart.png
Honda,Activa H-Smart,Smart Deluxe,109.51,7.8,8.9,60,85,0–60 in ~7 sec,Automatic (CVT),,,,,,,,,,,,,,,,,,/assets/Scooters/Honda/Activa H-Smart.png
Honda,Grazia 125,Standard (BS6),124.0,8.14,10.3,50,90 km/h,8.8s,CVT,5.3,Drum,Drum,CBS,Telescopic,3-Step Adj,108.0,708.0,171.0,1260.0,"Silent Start, Pass Switch",6000 km,"₹23,000",73000,2020,Petrol,"1,72,000",/assets/Scooters/Honda/Grazia 125.png
Honda,Grazia 125,Deluxe (BS6),124.0,8.14,10.3,50,92 km/h,8.5s,CVT,5.3,Disc,Drum,CBS,Telescopic,3-Step Adj,108.0,708.0,171.0,1260.0,"Idling Stop, Alloy Wheels",6000 km,"₹25,000",81000,2020,Petrol,"1,80,000",/assets/Scooters/Honda/Grazia 125.png
Honda,Grazia 125,Sports Edition,124.0,8.14,10.3,50,92 km/h,8.5s,CVT,5.3,Disc,Drum,CBS,Telescopic,3-Step Adj,108.0,708.0,171.0,1260.0,"Dual Tone, Sport Graphics",6000 km,"₹26,000",83000,2021,Petrol,"1,83,000",/assets/Scooters/Honda/Grazia 125.png
Honda,Grazia 125,Repsol Edition,124.0,8.14,10.3,50,92 km/h,8.5s,CVT,5.3,Disc,Drum,CBS,Telescopic,3-Step Adj,108.0,708.0,171.0,1260.0,"Repsol Livery, Orange Rims",6000 km,"₹28,000",87000,2021,Petrol,"1,88,000",/assets/Scooters/Honda/Grazia 125.png
TVS,Scooty Pep,4-Stroke (Initial),74.6,4.2,5.4,55,70,15.0s,CVT,4.5,Drum,Drum,Standard,Telescopic,Monoshock,90.0,760.0,135.0,1230.0,"4-Stroke Engine, New Body",3000 km,"₹12,000",34000,2003,Petrol,"1,05,000",/assets/Scooters/TVS/Scooty Pep+.png
TVS,Scooty Pep+,BS6 Standard,87.8,5.36,6.5,50,66,12.2s,CVT,4.2,Drum,Drum,SBT,Telescopic,Monoshock,93.0,768.0,135.0,1230.0,"ETFI Tech, Side Stand Alarm",6000 km,"₹18,000",65514,2020,Petrol,"1,45,000",/assets/Scooters/TVS/Scooty Pep+.png
TVS,Scooty Pep+,BS6 Matte Edition,87.8,5.36,6.5,50,66,12.2s,CVT,4.2,Drum,Drum,SBT,Telescopic,Monoshock,93.0,768.0,135.0,1230.0,"Matte Finish, 3D Logo",6000 km,"₹19,000",68414,2021,Petrol,"1,50,000",/assets/Scooters/TVS/Scooty Pep+.png
TVS,Scooty Pep+,Mudhal Kadhal Ed.,87.8,5.36,6.5,50,66,12.2s,CVT,4.2,Drum,Drum,SBT,Telescopic,Monoshock,93.0,768.0,135.0,1230.0,Special Graphics (Tamil Nadu),6000 km,"₹20,000",69500,2021,Petrol,"1,52,000",/assets/Scooters/TVS/Scooty Pep+.png
TVS,Jupiter,Base (BS6),109.7,7.37,8.4,55,85,11.5s,CVT,6,Drum,Drum,SBT,Telescopic,3-Step Adj,107.0,765.0,163.0,1275.0,"ETFi Tech, Malfunction Lamp",6000 km,"₹22,000",73340,2020,Petrol,"1,68,000",/assets/Scooters/TVS/Jupiter 110.png
TVS,Jupiter,ZX SmartXonnect,109.7,7.37,8.4,55,85,11.5s,CVT,6,Disc,Drum,SBT,Telescopic,3-Step Adj,109.0,765.0,163.0,1275.0,"Bluetooth, Navigation, Voice",6000 km,"₹24,000",86500,2022,Petrol,"1,85,000",/assets/Scooters/TVS/Jupiter 110.png
TVS,New Jupiter,Drum (Steel),113.3,7.91,9.2,50,90,10.5s,CVT,5.1,Drum,Drum,SBT,Telescopic,Twin Tube,105.0,790.0,163.0,1275.0,"New Body, 33L Underseat",6000 km,"₹22,000",73700,2024,Petrol,"1,75,000",/assets/Scooters/TVS/New Jupiter.png
TVS,New Jupiter,Drum Alloy,113.3,7.91,9.2,50,90,10.5s,CVT,5.1,Drum,Drum,SBT,Telescopic,Twin Tube,105.0,790.0,163.0,1275.0,"Alloy Wheels, 4 New Colors",6000 km,"₹23,000",79300,2024,Petrol,"1,82,000",/assets/Scooters/TVS/New Jupiter.png
TVS,New Jupiter,SmartXonnect,113.3,8.02,9.8,52,92,9.5s,CVT,5.1,Disc,Drum,SBT,Telescopic,Twin Tube,106.0,790.0,163.0,1275.0,"iGO Assist (Hybrid), Navigation",6000 km,"₹25,000",87500,2024,Petrol,"1,92,000",/assets/Scooters/TVS/New Jupiter.png
TVS,Scooty Zest,Himalayan Highs,109.7,7.9,8.8,62,80,11.1s,CVT,5,Drum,Drum,Standard,Telescopic,Monoshock,97.0,760.0,150.0,1250.0,"Special Brown, Emblem",3000 km,"₹16,000",46113,2016,Petrol,"1,25,000",/assets/Scooters/TVS/Scooty Zest.png
TVS,Scooty Zest,Gloss Series (BS6),109.7,7.71,8.8,48,80,11.5s,CVT,4.9,Drum,Drum,SBT,Telescopic,Hyd. Mono,103.0,760.0,150.0,1250.0,"ETFi Tech, Underseat Lamp",6000 km,"₹22,000",70850,2020,Petrol,"1,60,000",/assets/Scooters/TVS/Scooty Zest.png
TVS,Scooty Zest,Matte Series (BS6),109.7,7.71,8.8,48,80,11.5s,CVT,4.9,Drum,Drum,SBT,Telescopic,Hyd. Mono,103.0,760.0,150.0,1250.0,"3D Logo, Premium Colors",6000 km,"₹23,000",72450,2020,Petrol,"1,65,000",/assets/Scooters/TVS/Scooty Zest.png
TVS,Scooty Zest,SXC (2026 Model),109.7,7.81,8.8,48,80,11.2s,CVT,4.9,Drum,Drum,SBT,Telescopic,Hyd. Mono,103.0,760.0,150.0,1250.0,"Digital Dash, Navigation",6000 km,"₹26,000",75750,2025,Petrol,"1,75,000",/assets/Scooters/TVS/Scooty Zest.png
TVS,NTORQ 125,Standard (BS6),124.8,9.25,10.5,42,95,9.1s,CVT,5.8,Disc,Drum,SBT,Telescopic,Gas Filled,118.0,770.0,155.0,1285.0,"RT-Fi Tech, Stealth Colors",6000 km,"₹25,000",77000,2020,Petrol,"1,85,000",/assets/Scooters/TVS/NTORQ 125.png
TVS,NTORQ 125,Race Edition,124.8,9.25,10.5,42,95,9.1s,CVT,5.8,Disc,Drum,SBT,Telescopic,Gas Filled,118.0,770.0,155.0,1285.0,"LED Headlamp, Hazard Light",6000 km,"₹26,000",82000,2020,Petrol,"1,92,000",/assets/Scooters/TVS/NTORQ 125.png
TVS,NTORQ 125,SuperSquad Ed.,124.8,9.25,10.5,42,95,9.1s,CVT,5.8,Disc,Drum,SBT,Telescopic,Gas Filled,118.0,770.0,155.0,1285.0,Marvel Avengers Graphics,6000 km,"₹26,000",85000,2021,Petrol,"1,95,000",/assets/Scooters/TVS/NTORQ 125.png
TVS,NTORQ 125,Race XP,124.8,10.06,10.8,45,98,8.6s,CVT,5.8,Disc,Drum,SBT,Telescopic,Gas Filled,116.0,770.0,155.0,1285.0,"Ride Modes, Voice Assist",6000 km,"₹28,000",89000,2021,Petrol,"2,05,000",/assets/Scooters/TVS/NTORQ 125.png
TVS,NTORQ 125,XT,124.8,9.25,10.5,42,95,9.1s,CVT,5.8,Disc,Drum,SBT,Telescopic,Gas Filled,118.0,770.0,155.0,1285.0,TFT + LCD Twin Screen,6000 km,"₹30,000",97000,2022,Petrol,"2,15,000",/assets/Scooters/TVS/NTORQ 125.png
TVS,NTORQ 125,Black Edition,124.8,9.25,10.5,42,95,9.1s,CVT,5.8,Disc,Drum,SBT,Telescopic,Gas Filled,118.0,770.0,155.0,1285.0,All-Black Stealth Theme,6000 km,"₹26,000",88000,2024,Petrol,"1,98,000",/assets/Scooters/TVS/NTORQ 125.png
TVS,Jupiter 125,Drum (Steel),124.8,8.04,10.5,50,90,9.1s,CVT,5.1,Drum,Drum,SBT,Telescopic,Gas Charged,108.0,765.0,163.0,1275.0,"33L Storage, Front Fuel Fill",6000 km,"₹22,000",86250,2021,Petrol,"1,82,000",/assets/Scooters/TVS/Jupiter 125.png
TVS,Jupiter 125,Drum (Alloy),124.8,8.04,10.5,50,90,9.1s,CVT,5.1,Drum,Drum,SBT,Telescopic,Gas Charged,108.0,765.0,163.0,1275.0,"Alloy Wheels, USB Charger",6000 km,"₹23,000",91195,2021,Petrol,"1,88,000",/assets/Scooters/TVS/Jupiter 125.png
TVS,Jupiter 125,Disc (Alloy),124.8,8.04,10.5,52,95,8.9s,CVT,5.1,Disc,Drum,SBT,Telescopic,Gas Charged,109.0,765.0,163.0,1275.0,"220mm Disc, Diamond Cut",6000 km,"₹25,000",96581,2021,Petrol,"1,95,000",/assets/Scooters/TVS/Jupiter 125.png
TVS,Jupiter 125,DT SXC,124.8,8.45,10.5,54,95,8.7s,CVT,5.1,Disc,Drum,SBT,Telescopic,Gas Charged,109.0,765.0,163.0,1275.0,"Dual Tone, iGO Assist",6000 km,"₹27,000","1,00,703",2025,Petrol,"2,05,000",/assets/Scooters/TVS/Jupiter 125.png
TVS,Jupiter 125,SmartXonnect,124.8,8.04,10.5,52,95,8.9s,CVT,5.1,Disc,Drum,SBT,Telescopic,Gas Charged,109.0,765.0,163.0,1275.0,"TFT Dash, Voice Assist",6000 km,"₹28,000","1,03,231",2024,Petrol,"2,10,000",/assets/Scooters/TVS/Jupiter 125.png
TVS,NTORQ 125,Race XP,124.8,10.2 PS,10.8 Nm,50,98 km/h,8.6s,CVT,5.8,Disc,Drum,SBT,Telescopic,Gas Filled,111.0,770.0,155.0,1285.0,2 Ride Modes (Race/Street),6000 km,"₹28,000",97500,2021,Petrol,"2,10,000",/assets/Scooters/TVS/NTORQ 125.png
TVS,NTORQ 125,Race XP (Black Ed.),124.8,10.2 PS,10.8 Nm,50,98 km/h,8.6s,CVT,5.8,Disc,Drum,SBT,Telescopic,Gas Filled,111.0,770.0,155.0,1285.0,"Stealth Black Theme, Voice Assist",6000 km,"₹28,000",99200,2024,Petrol,"2,12,000",/assets/Scooters/TVS/NTORQ 125.png
TVS,NTORQ 125,XT (Standard),124.8,9.38 PS,10.6 Nm,47,95 km/h,9.1s,CVT,5.8,Disc,Drum,SBT,Telescopic,Gas Filled,114.0,770.0,155.0,1285.0,Hybrid TFT+LCD Display,6000 km,"₹32,000","1,08,500",2022,Petrol,"2,25,000",/assets/Scooters/TVS/NTORQ 125.png
TVS,NTORQ 125,XT (Neon Edition),124.8,9.38 PS,10.6 Nm,47,95 km/h,9.1s,CVT,5.8,Disc,Drum,SBT,Telescopic,Gas Filled,114.0,770.0,155.0,1285.0,"Neon Green Wheels, Food Tracker",6000 km,"₹33,000","1,10,000",2025,Petrol,"2,30,000",/assets/Scooters/TVS/NTORQ 125.png
TVS,Jupiter 125,CNG STD (Drum),124.8,7.1,9.4,84 km/kg,80 km/h,11.0s,CVT,1.4kg CNG + 2L Pet.,Drum,Drum,SBT,Telescopic,Monoshock,115.0,765.0,163.0,1275.0,"Dual-Fuel Switch, LED Lamp",6000 km,"₹18,000",90000,2026,CNG+Petrol,"1,35,000",/assets/Scooters/TVS/Jupiter 125.png
TVS,Jupiter 125,CNG SXC (Disc),124.8,7.1,9.4,84 km/kg,80 km/h,11.0s,CVT,1.4kg CNG + 2L Pet.,Disc,Drum,SBT,Telescopic,Monoshock,116.0,765.0,163.0,1275.0,"TFT Dash, Navigation",6000 km,"₹20,000","1,00,000",2026,CNG+Petrol,"1,42,000",/assets/Scooters/TVS/Jupiter 125.png
Hero,Pleasure+,LX (Base BS6),110.9,8,8.7,50,75,11.2s,CVT,4.8,Drum,Drum,IBS,Bottom Link,Monoshock,104.0,765.0,155.0,1238.0,"i3S Tech, Retro Design",6000 km,"₹18,000",70838,2019,Petrol,"1,60,000",/assets/Scooters/Hero/Pleasure+.png
Hero,Pleasure+,VX (Mid BS6),110.9,8,8.7,50,75,11.2s,CVT,4.8,Drum,Drum,IBS,Bottom Link,Monoshock,104.0,765.0,155.0,1238.0,"Alloy Wheels, Chrome garnish",6000 km,"₹20,000",74288,2019,Petrol,"1,65,000",/assets/Scooters/Hero/Pleasure+.png
Hero,Pleasure+,XTEC ZX,110.9,8,8.7,50,75,11.0s,CVT,4.8,Drum,Drum,IBS,Telescopic,Monoshock,106.0,765.0,155.0,1238.0,"LED Projector, Bluetooth",6000 km,"₹22,000",82738,2021,Petrol,"1,75,000",/assets/Scooters/Hero/Pleasure+.png
Hero,Pleasure+,XTEC Sports,110.9,8.1,8.7,50,78,10.8s,CVT,4.8,Drum,Drum,IBS,Telescopic,Monoshock,106.0,765.0,155.0,1238.0,"Sports Graphics, Matte Finish",6000 km,"₹24,000",79738,2024,Petrol,"1,72,000",/assets/Scooters/Hero/Pleasure+.png
Hero,Maestro,Standard (110),109.0,8,9.1,45,85,11.5s,CVT,5.3,Drum,Drum,IBS,Telescopic,Monoshock,110.0,775.0,155.0,1261.0,Digital-Analog Dash,3000 km,"₹18,000",48000,2012,Petrol,"1,28,000",/assets/Scooters/Hero/Maestro Edge.png
Hero,Maestro Edge,BS6 (110),110.9,8,8.75,45,80,11.5s,CVT,5,Drum,Drum,IBS,Telescopic,Monoshock,112.0,775.0,155.0,1261.0,"XSens Tech, i3S",6000 km,"₹22,000",73843,2020,Petrol,"1,65,000",/assets/Scooters/Hero/Maestro Edge.png
Hero,Maestro Edge,125 Drum,124.6,9,10.4,45,90,9.5s,CVT,5,Drum,Drum,IBS,Telescopic,Monoshock,111.0,775.0,155.0,1261.0,"External Fuel, i3S",6000 km,"₹24,000",77196,2019,Petrol,"1,75,000",/assets/Scooters/Hero/Maestro Edge.png
Hero,Maestro Edge,125 Disc,124.6,9,10.4,45,92,9.2s,CVT,5,Disc,Drum,IBS,Telescopic,Monoshock,111.0,775.0,155.0,1261.0,Diamond Cut Alloys,6000 km,"₹25,000",82320,2019,Petrol,"1,82,000",/assets/Scooters/Hero/Maestro Edge.png
Hero,Maestro Edge,125 Connected,124.6,9.12,10.4,45,92,9.2s,CVT,5,Disc,Drum,IBS,Telescopic,Monoshock,112.0,775.0,155.0,1261.0,"Bluetooth, Navigation",6000 km,"₹28,000",87382,2021,Petrol,"1,95,000",/assets/Scooters/Hero/Maestro Edge.png
Hero,Destini 125,Standard (BS6),124.6,9,10.4,45,85,9.5s,CVT,5,Drum,Drum,IBS,Telescopic,Monoshock,114.0,778.0,155.0,1245.0,"XSens Tech, FI Engine",6000 km,"₹22,000",71100,2020,Petrol,"1,72,000",/assets/Scooters/Hero/Destini 125.png
Hero,Destini 125,XTEC,124.6,9,10.4,45,88,9.2s,CVT,5,Drum,Drum,IBS,Telescopic,Monoshock,114.0,778.0,155.0,1245.0,"LED Headlamp, Bluetooth",6000 km,"₹24,000",82428,2022,Petrol,"1,85,000",/assets/Scooters/Hero/Destini 125.png
Hero,Destini 125,Prime,124.6,9,10.4,45,85,9.5s,CVT,5,Drum,Drum,IBS,Telescopic,Monoshock,115.0,778.0,155.0,1245.0,Affordable 125cc Option,6000 km,"₹21,000",71499,2023,Petrol,"1,70,000",/assets/Scooters/Hero/Destini 125.png
Hero,New Destini,VX (2026),124.6,9.12,10.4,50,90,9.0s,CVT,5,Drum,Drum,IBS,Telescopic,Monoshock,114.0,770.0,160.0,1302.0,"Neo-Retro Design, i3S",6000 km,"₹23,000",80000,2024,Petrol,"1,78,000",frontend/public/assets/Scooters/Hero/Destini 125.png
Hero,New Destini,ZX (2026),124.6,9.12,10.4,50,92,8.8s,CVT,5,Disc,Drum,IBS,Telescopic,Monoshock,115.0,770.0,160.0,1302.0,"Disc Brake, Auto-Index DRL",6000 km,"₹25,000",86000,2024,Petrol,"1,88,000",frontend/public/assets/Scooters/Hero/Destini 125.png
Hero,New Destini,ZX+ (2026),124.6,9.12,10.4,52,92,8.8s,CVT,5,Disc,Drum,IBS,Telescopic,Monoshock,115.0,770.0,160.0,1302.0,"TFT Dash, Navigation",6000 km,"₹28,000",92000,2025,Petrol,"1,98,000",frontend/public/assets/Scooters/Hero/Destini 125.png
Hero,Xoom 110,VX (Mid),110.9,8.05,8.7,48,87,10.8s,CVT,5.2,Drum,Drum,IBS,Telescopic,Monoshock,108.0,770.0,155.0,1300.0,"Full Digital Dash, USB Charger",6000 km,"₹20,000",76500,2023,Petrol,"1,65,000",frontend/public/assets/Scooters/Hero/Xoom 160.png
Hero,Xoom 110,Combat Ed.,110.9,8.05,8.7,48,87,10.5s,CVT,5.2,Disc,Drum,IBS,Telescopic,Monoshock,109.0,770.0,155.0,1300.0,"Fighter Jet Graphics, Matte Finish",6000 km,"₹23,000",84500,2024,Petrol,"1,78,000",frontend/public/assets/Scooters/Hero/Xoom 160.png
Hero,Xoom 125R,VX,124.6,9.8,10.4,50,95,9.2s,CVT,5,Drum,Drum,IBS,Telescopic,Monoshock,120.0,777.0,164.0,1327.0,"14"" Alloy Wheels, Digital Dash",6000 km,"₹25,000",84900,2025,Petrol,"1,85,000",frontend/public/assets/Scooters/Hero/Xoom 160.png
Hero,Xoom 125R,ZX,124.6,9.8,10.4,50,98,8.9s,CVT,5,Disc,Drum,IBS,Telescopic,Monoshock,121.0,777.0,164.0,1327.0,"Sequential Blinkers, Navigation",6000 km,"₹28,000",92500,2025,Petrol,"1,95,000",frontend/public/assets/Scooters/Hero/Xoom 160.png
Hero,Xoom 160,ZX (ABS),156.0,14.8,14,40,110,7.5s,CVT,7,Disc,Disc,Single ABS,Telescopic,Dual Shock,142.0,787.0,155.0,1348.0,"Liquid Cooled, Smart Key",6000 km,"₹35,000","1,49,000",2025,Petrol,"2,55,000",/assets/Scooters/Hero/Xoom 160.png
Hero,Duet 110,STD (Base),110.9,8.31,8.3,45,85,11.5s,CVT,5.5,Drum,Drum,IBS,Bottom Link,Monoshock,115.0,770.0,155.0,1245.0,"Metal Body, Basic Cluster",3000 km,"₹12,000",45000,2015,Petrol,"1,28,000",frontend/public/assets/Scooters/Hero/Maestro Edge.png
Hero,Duet 110,LX (Mid),110.9,8.31,8.3,45,85,11.2s,CVT,5.5,Drum,Drum,IBS,Telescopic,Monoshock,115.0,770.0,155.0,1245.0,"External Fuel, Pass Switch",3000 km,"₹15,000",48280,2015,Petrol,"1,35,000",frontend/public/assets/Scooters/Hero/Maestro Edge.png
Hero,Duet 110,VX (Top),110.9,8.31,8.3,45,85,11.2s,CVT,5.5,Drum,Drum,IBS,Telescopic,Monoshock,116.0,770.0,155.0,1245.0,"Digital Dash, USB, Boot Light",3000 km,"₹18,000",52330,2015,Petrol,"1,42,000",frontend/public/assets/Scooters/Hero/Maestro Edge.png
Hero,Duet 125,Pre-Launch,124.6,8.7,10.2,50,90,9.5s,CVT,5,Drum,Drum,IBS,Telescopic,Monoshock,114.0,778.0,155.0,1245.0,"i3s Tech, Chrome Garnish",6000 km,"₹22,000",58000,2018,Petrol,"1,55,000",frontend/public/assets/Scooters/Hero/Maestro Edge.png
Yamaha,RayZR 125,Hybrid Drum,125.0,8.04,10.3,55-60,90,10.2s,CVT,5.2,Drum,Drum,UBS,Telescopic,Unit Swing,98.0,785.0,145.0,1280.0,"SMG (Silent Start), Analog Dash",3000 km,"₹18,000",85030,2021,Petrol,"1,55,000",/assets/Scooters/Yamaha/RayZR 125.png
Yamaha,RayZR 125,Hybrid Disc,125.0,8.04,10.3,55-60,92,9.8s,CVT,5.2,Disc,Drum,UBS,Telescopic,Unit Swing,99.0,785.0,145.0,1280.0,"Digital Dash, LED Position Light",3000 km,"₹20,000",91930,2021,Petrol,"1,65,000",/assets/Scooters/Yamaha/RayZR 125.png
Yamaha,RayZR 125,Disc (Premium Colors),125.0,8.04,10.3,55-60,92,9.8s,CVT,5.2,Disc,Drum,UBS,Telescopic,Unit Swing,99.0,785.0,145.0,1280.0,"Y-Connect (Bluetooth), Navigation",3000 km,"₹20,000",93500,2023,Petrol,"1,68,000",/assets/Scooters/Yamaha/RayZR 125.png
Yamaha,RayZR 125,Street Rally,125.0,8.04,10.3,55-60,95,9.5s,CVT,5.2,Disc,Drum,UBS,Telescopic,Unit Swing,99.0,785.0,145.0,1280.0,"Knuckle Guards, Block Tyres",3000 km,"₹22,000",98130,2021,Petrol,"1,75,000",/assets/Scooters/Yamaha/RayZR 125.png
Yamaha,RayZR 125,Cyber Green (2026),125.0,8.2,10.3,58,95,9.5s,CVT,5.2,Disc,Drum,UBS,Telescopic,Unit Swing,99.0,785.0,145.0,1280.0,"New Graphics, E20 Compatible",3000 km,"₹23,000","1,02,000",2025,Petrol,"1,82,000",/assets/Scooters/Yamaha/RayZR 125.png
Yamaha,Ray Z,UBS Edition,113.0,7.1,8.1,50,85,11.8s,CVT,5,Drum,Drum,UBS (CBS),Telescopic,Unit Swing,104.0,760.0,128.0,1270.0,"Unified Braking, New Graphics",3000 km,"₹18,000",54500,2018,Petrol,"1,55,000",/assets/Scooters/Yamaha/Ray Z.png
Yamaha,RayZR 125,Cyber Green,125.0,8.2,10.3,60,95,9.5s,CVT,5.2,Disc,Drum,UBS,Telescopic,Unit Swing,99.0,785.0,145.0,1280.0,"Bluetooth (Y-Connect), E20",3000 km,"₹26,000","1,02,000",2025,Petrol,"2,05,000",/assets/Scooters/Yamaha/RayZR 125.png
Yamaha,Alpha,Standard (Drum),113.0,7,8.1,62,85,12.2s,CVT,5.2,Drum,Drum,Standard,Telescopic,Unit Swing,104.0,775.0,128.0,1270.0,"21L Storage, Long Seat",3000 km,"₹15,000",52000,2014,Petrol,"1,45,000",/assets/Scooters/Yamaha/Alpha.png
Yamaha,Alpha,Dual Tone,113.0,7.1,8.1,62,85,12.2s,CVT,5.2,Drum,Drum,Standard,Telescopic,Unit Swing,104.0,775.0,128.0,1270.0,"Premium Graphics, Chrome",3000 km,"₹16,000",55000,2015,Petrol,"1,52,000",/assets/Scooters/Yamaha/Alpha.png
Yamaha,Alpha,Disc Brake (Top),113.0,7.2,8.1,66,88,11.5s,CVT,5.2,Disc,Drum,UBS (CBS),Telescopic,Unit Swing,104.0,775.0,130.0,1270.0,"Blue Core Engine, Disc",3000 km,"₹18,000",62000,2016,Petrol,"1,65,000",/assets/Scooters/Yamaha/Alpha.png
Yamaha,Fascino,Standard (113),113.0,7,8.1,66,85,12.5s,CVT,5.2,Drum,Drum,Standard,Telescopic,Unit Swing,103.0,775.0,128.0,1270.0,Classic Retro Design,3000 km,"₹15,000",54500,2015,Petrol,"1,48,000",/assets/Scooters/Yamaha/Fascino 125.png
Yamaha,Fascino,Darknight (UBS),113.0,7,8.1,66,85,12.5s,CVT,5.2,Drum,Drum,UBS (CBS),Telescopic,Unit Swing,103.0,775.0,130.0,1270.0,"Matte Black, UBS",3000 km,"₹16,500",57100,2019,Petrol,"1,55,000",/assets/Scooters/Yamaha/Fascino 125.png
Yamaha,Fascino 125,Hybrid Drum,125.0,8.04,10.3,68,90,10.5s,CVT,5.2,Drum,Drum,UBS,Telescopic,Unit Swing,99.0,780.0,145.0,1280.0,SMG (Silent Start),3000 km,"₹20,000",80750,2021,Petrol,"1,78,000",/assets/Scooters/Yamaha/Fascino 125.png
Yamaha,Fascino 125,Hybrid Disc,125.0,8.04,10.3,68,92,10.2s,CVT,5.2,Disc,Drum,UBS,Telescopic,Unit Swing,99.0,780.0,145.0,1280.0,"LED Headlamp, DRL",3000 km,"₹22,000",91130,2021,Petrol,"1,88,000",/assets/Scooters/Yamaha/Fascino 125.png
Yamaha,Fascino 125,S (Standard),125.0,8.04,10.3,68,92,10.2s,CVT,5.2,Disc,Drum,UBS,Telescopic,Unit Swing,99.0,780.0,145.0,1280.0,"Answer Back, LED DRL",3000 km,"₹24,000",95850,2024,Petrol,"1,95,000",/assets/Scooters/Yamaha/Fascino 125.png
Yamaha,Fascino 125,S (TFT/TBT),125.0,8.2,10.3,68,95,9.8s,CVT,5.2,Disc,Drum,UBS,Telescopic,Unit Swing,99.0,780.0,145.0,1280.0,"TFT Dash, Navigation",3000 km,"₹26,000","1,02,790",2025,Petrol,"2,10,000",/assets/Scooters/Yamaha/Fascino 125.png
Yamaha,Cygnus Ray ZR,Drum (113),113.0,7.1,8.1,66,85,12.0s,CVT,5.2,Drum,Drum,Standard,Telescopic,Unit Swing,103.0,775.0,130.0,1270.0,"Sporty Graphics, 21L Boot",3000 km,"₹15,000",54000,2016,Petrol,"1,45,000",/assets/Scooters/Yamaha/Cygnus Ray ZR.png
Yamaha,Cygnus Ray ZR,Disc (113),113.0,7.1,8.1,66,86,11.8s,CVT,5.2,Disc,Drum,Standard,Telescopic,Unit Swing,103.0,775.0,130.0,1270.0,"Alloy Wheels, Disc Brake",3000 km,"₹16,500",58000,2016,Petrol,"1,52,000",/assets/Scooters/Yamaha/Cygnus Ray ZR.png
Yamaha,Cygnus Ray ZR,Street Rally (113),113.0,7.1,8.1,66,86,11.8s,CVT,5.2,Disc,Drum,UBS (CBS),Telescopic,Unit Swing,103.0,775.0,130.0,1270.0,"Knuckle Guards, Digital Dash",3000 km,"₹18,000",62500,2018,Petrol,"1,58,000",/assets/Scooters/Yamaha/Cygnus Ray ZR.png
Yamaha,RayZR 125 Fi,Hybrid Drum,125.0,8.09,10.3,71,90,10.2s,CVT,5.2,Drum,Drum,UBS,Telescopic,Unit Swing,99.0,785.0,145.0,1280.0,SMG (Silent Start),3000 km,"₹20,000",85030,2021,Petrol,"1,72,000",/assets/Scooters/Yamaha/RayZR 125.png
Yamaha,RayZR 125 Fi,Hybrid Disc,125.0,8.2,10.3,71,92,9.8s,CVT,5.2,Disc,Drum,UBS,Telescopic,Unit Swing,99.0,785.0,145.0,1280.0,"LED Headlamp, Digital Dash",3000 km,"₹22,000",91930,2021,Petrol,"1,82,000",/assets/Scooters/Yamaha/RayZR 125.png
Yamaha,RayZR 125 Fi,Street Rally Hybrid,125.0,8.2,10.3,71,95,9.5s,CVT,5.2,Disc,Drum,UBS,Telescopic,Unit Swing,99.0,785.0,145.0,1280.0,"Block Tyres, Bluetooth",3000 km,"₹25,000",98130,2021,Petrol,"1,90,000",/assets/Scooters/Yamaha/RayZR 125.png
Yamaha,RayZR 125,Drum,125.0,8.2 PS,10.3,58-71,90,10.2s,CVT,5.2,Drum,Drum,UBS,Telescopic,Unit Swing,99.0,785.0,145.0,1280.0,"SMG, Halogen Lamp, Analog Dash",3000 km,"₹18,000",84730,2021,Petrol,"1,75,000",/assets/Scooters/Yamaha/RayZR 125.png
Yamaha,RayZR 125,Disc (Standard),125.0,8.2 PS,10.3,58-71,92,9.8s,CVT,5.2,Disc,Drum,UBS,Telescopic,Unit Swing,99.0,785.0,145.0,1280.0,"LED Headlamp, Digital Dash",3000 km,"₹20,000",91130,2021,Petrol,"1,85,000",/assets/Scooters/Yamaha/RayZR 125.png
Yamaha,RayZR 125,Disc (Connected),125.0,8.2 PS,10.3,58-71,92,9.8s,CVT,5.2,Disc,Drum,UBS,Telescopic,Unit Swing,99.0,785.0,145.0,1280.0,"Y-Connect (BT), Navigation",3000 km,"₹22,000",93130,2023,Petrol,"1,88,000",/assets/Scooters/Yamaha/RayZR 125.png
Yamaha,RayZR 125,MotoGP Edition,125.0,8.2 PS,10.3,58-71,95,9.5s,CVT,5.2,Disc,Drum,UBS,Telescopic,Unit Swing,99.0,785.0,145.0,1280.0,Monster Energy Graphics,3000 km,"₹26,000",94130,2024,Petrol,"1,90,000",/assets/Scooters/Yamaha/RayZR 125.png
Yamaha,Fascino 125,Drum,125.0,8.04,10.3,68,90,10.5s,CVT,5.2,Drum,Drum,UBS,Telescopic,Unit Swing,99.0,780.0,145.0,1280.0,"SMG, Halogen Lamp, Analog Dash",3000 km,"₹18,000",81200,2021,Petrol,"1,72,000",/assets/Scooters/Yamaha/Fascino 125.png
Yamaha,Fascino 125,Disc (Standard),125.0,8.04,10.3,68,92,10.2s,CVT,5.2,Disc,Drum,UBS,Telescopic,Unit Swing,99.0,780.0,145.0,1280.0,"LED Headlamp, Digital Dash",3000 km,"₹20,000",91130,2021,Petrol,"1,82,000",/assets/Scooters/Yamaha/Fascino 125.png
Yamaha,Fascino 125,Disc (Deluxe),125.0,8.04,10.3,68,92,10.2s,CVT,5.2,Disc,Drum,UBS,Telescopic,Unit Swing,99.0,780.0,145.0,1280.0,"Special Colors, Chrome finish",3000 km,"₹22,000",93100,2022,Petrol,"1,88,000",/assets/Scooters/Yamaha/Fascino 125.png
Yamaha,RayZR,Street Rally (113),113.0,7.1 PS,8.1,66,86,11.8s,CVT,5.2,Disc,Drum,UBS (CBS),Telescopic,Unit Swing,103.0,775.0,130.0,1270.0,"Knuckle Guards, Digital Dash",3000 km,"₹18,000",62500,2018,Petrol,"1,58,000",/assets/Scooters/Yamaha/RayZR 125.png
Yamaha,RayZR 125,Street Rally (Hybrid),125.0,8.2 PS,10.3,71,95,9.5s,CVT,5.2,Disc,Drum,UBS,Telescopic,Unit Swing,99.0,785.0,145.0,1280.0,"SMG, Block Tyres, LED DRL",3000 km,"₹22,000",98130,2021,Petrol,"1,90,000",/assets/Scooters/Yamaha/RayZR 125.png
Yamaha,RayZR 125,Street Rally (Y-Connect),125.0,8.2 PS,10.3,71,95,9.5s,CVT,5.2,Disc,Drum,UBS,Telescopic,Unit Swing,99.0,785.0,145.0,1280.0,"Bluetooth, Answer Back",3000 km,"₹24,000",99800,2023,Petrol,"1,95,000",/assets/Scooters/Yamaha/RayZR 125.png
Yamaha,RayZR 125,Street Rally (Cyber Gr.),125.0,8.4 PS,10.3,72,98,9.2s,CVT,5.2,Disc,Drum,UBS,Telescopic,Unit Swing,99.0,785.0,145.0,1280.0,"TFT Screen, New Graphics",3000 km,"₹26,000","1,02,000",2025,Petrol,"2,05,000",/assets/Scooters/Yamaha/RayZR 125.png
Yamaha,Aerox 155,Standard,155.0,15 PS,13.9,45-48,115,5.3s,CVT,5.5,Disc,Drum,Single Channel ABS,Telescopic,Unit Swing,126.0,790.0,145.0,1350.0,"VVA, Traction Control, LED",3000 km,"₹25,000","1,42,800",2021,Petrol,"2,85,000",/assets/Scooters/Yamaha/Aerox 155.png
Yamaha,Aerox 155,MotoGP Edition,155.0,15 PS,13.9,45-48,115,5.3s,CVT,5.5,Disc,Drum,Single Channel ABS,Telescopic,Unit Swing,126.0,790.0,145.0,1350.0,Monster Energy Graphics,3000 km,"₹26,000","1,45,100",2022,Petrol,"2,92,000",/assets/Scooters/Yamaha/Aerox 155.png
Yamaha,Aerox 155,Version S,155.0,15 PS,13.9,45-48,115,5.3s,CVT,5.5,Disc,Drum,Single Channel ABS,Telescopic,Unit Swing,126.0,790.0,145.0,1350.0,"Smart Key, Keyless Ignition",3000 km,"₹28,000","1,48,300",2024,Petrol,"3,10,000",/assets/Scooters/Yamaha/Aerox 155.png
Yamaha,Aerox 155,Cyber Green (2026),155.0,15.2 PS,13.9,48,118,5.1s,CVT,5.5,Disc,Drum,Single Channel ABS,Telescopic,Unit Swing,126.0,790.0,145.0,1350.0,"TFT Dash, Navigation, E20",3000 km,"₹30,000","1,55,000",2025,Petrol,"3,30,000",/assets/Scooters/Yamaha/Aerox 155.png
Yamaha,Aerox 155,Version S (Standard),155.0,15.0 PS,13.9,45-48,115,5.3s,CVT,5.5,Disc,Drum,Single ABS,Telescopic,Unit Swing,126.0,790.0,145.0,1350.0,"Smart Key, Traction Control",3000 km,"₹28,000","1,48,300",2024,Petrol,"3,10,000",/assets/Scooters/Yamaha/Aerox 155.png
Yamaha,Aerox 155,Version S (Connected),155.0,15.0 PS,13.9,45-48,115,5.3s,CVT,5.5,Disc,Drum,Single ABS,Telescopic,Unit Swing,126.0,790.0,145.0,1350.0,"Y-Connect App, Hazard Light",3000 km,"₹30,000","1,51,000",2024,Petrol,"3,15,000",/assets/Scooters/Yamaha/Aerox 155.png
Yamaha,Aerox 155,Version S (TFT/Nav),155.0,15.2 PS,13.9,48,118,5.1s,CVT,5.5,Disc,Drum,Single ABS,Telescopic,Unit Swing,126.0,790.0,145.0,1350.0,"TFT Screen, TBT Navigation",3000 km,"₹32,000","1,58,000",2025,Petrol,"3,30,000",/assets/Scooters/Yamaha/Aerox 155.png
Aprilia,SR 150,Standard,154.8,10.25,11.4,38,100,7.5s,CVT,6.5,Disc,Drum,Standard/ABS*,Telescopic,Monoshock,122.0,780.0,155.0,1365.0,"14-inch Alloys, Sporty Design",3000 km,"₹25,000",75000,2016,Petrol,"2,10,000",/assets/Scooters/Aprilia/SR 150.png
Aprilia,SR 150,Race Edition,154.8,10.25,11.4,38,105,7.2s,CVT,6.5,Disc,Drum,Standard/ABS*,Telescopic,Monoshock,122.0,780.0,155.0,1365.0,"RS-GP Graphics, Red Wheels",3000 km,"₹28,000",82000,2017,Petrol,"2,25,000",/assets/Scooters/Aprilia/SR 150.png
Aprilia,SR 150,Carbon,154.8,10.25,11.4,38,100,7.5s,CVT,6.5,Disc,Drum,Single ABS,Telescopic,Monoshock,122.0,780.0,155.0,1365.0,"Carbon Fiber Graphics, Connectivity",3000 km,"₹30,000",85000,2018,Petrol,"2,35,000",/assets/Scooters/Aprilia/SR 150.png
Aprilia,SR 125,STD (Standard),124.45,10.11,10.33,40,90,8.5s,CVT,6,Disc,Drum,CBS,Telescopic,Monoshock,118.0,780.0,155.0,1365.0,"14"" Alloys, Digital Dash",3000 km,"₹22,000","1,12,500",2018,Petrol,"2,15,000",/assets/Scooters/Aprilia/SR 125.png
Aprilia,SR 125,Premium,124.45,10.11,10.33,40,92,8.2s,CVT,6,Disc,Drum,CBS,Telescopic,Monoshock,118.0,780.0,155.0,1365.0,"Full LED, 5.5"" TFT Dash",3000 km,"₹24,000","1,22,400",2024,Petrol,"2,28,000",/assets/Scooters/Aprilia/SR 125.png
Aprilia,SR 125,hp.e (High Perf.),124.45,10.6,10.4,40,95,7.9s,CVT,6,Disc,Drum,CBS,Telescopic,Monoshock,118.0,780.0,155.0,1365.0,"Performance Tune, Bluetooth",3000 km,"₹26,000","1,28,500",2025,Petrol,"2,35,000",/assets/Scooters/Aprilia/SR 125.png
Aprilia,Storm 125,Drum (Base),124.45,9.78,9.6,40,85,9.2s,CVT,6,Drum,Drum,CBS,Telescopic,Monoshock,118.0,775.0,155.0,1365.0,"Matte Colors, Analog Dash",3000 km,"₹20,000",95000,2019,Petrol,"1,95,000",/assets/Scooters/Aprilia/Storm 125.png
Aprilia,Storm 125,Disc (Standard),124.45,9.9,9.7,40,90,8.8s,CVT,6,Disc,Drum,CBS,Telescopic,Monoshock,118.0,775.0,155.0,1365.0,"Front Disc, Digital Dash",3000 km,"₹22,000","1,12,000",2020,Petrol,"2,15,000",/assets/Scooters/Aprilia/Storm 125.png
Aprilia,Storm 125,Premium (2026),124.45,10.11,10.33,42,92,8.5s,CVT,6,Disc,Drum,CBS,Telescopic,Monoshock,118.0,775.0,155.0,1365.0,"LED Headlamp, TFT Screen",3000 km,"₹25,000","1,21,500",2024,Petrol,"2,28,000",/assets/Scooters/Aprilia/Storm 125.png
Aprilia,SXR 160,Standard,160.03,10.9,11.6,35,100,8.2s,CVT,7,Disc,Drum,Single ABS,Telescopic,Adjustable Mono,129.0,775.0,160.0,1361.0,"LED Triple Headlamp, LCD Dash",3000 km,"₹28,000","1,46,000",2021,Petrol,"3,10,000",/assets/Scooters/Aprilia/SXR 160.png
Aprilia,SXR 160,Connected,160.03,10.9,11.6,35,100,8.2s,CVT,7,Disc,Drum,Single ABS,Telescopic,Adjustable Mono,129.0,775.0,160.0,1361.0,"Bluetooth, Answer Back",3000 km,"₹30,000","1,49,500",2022,Petrol,"3,18,000",/assets/Scooters/Aprilia/SXR 160.png
Aprilia,SXR 160,Premium (2026),160.03,11.2,11.8,38,105,7.8s,CVT,7,Disc,Drum,Single ABS,Telescopic,Adjustable Mono,129.0,775.0,160.0,1361.0,"Full TFT Dash, Navigation",3000 km,"₹32,000","1,58,200",2025,Petrol,"3,35,000",/assets/Scooters/Aprilia/SXR 160.png
Aprilia,SR 160,Standard,160.03,10.9,11.6,35,100,7.8s,CVT,6,Disc,Drum,Single ABS,Telescopic,Monoshock,122.0,780.0,155.0,1365.0,"14"" Alloys, Digital Dash",3000 km,"₹26,000","1,32,000",2020,Petrol,"2,75,000",/assets/Scooters/Aprilia/SR 160.png
Aprilia,SR 160,Carbon,160.03,10.9,11.6,35,100,7.8s,CVT,6,Disc,Drum,Single ABS,Telescopic,Monoshock,122.0,780.0,155.0,1365.0,Carbon Fiber Graphics,3000 km,"₹28,000","1,35,500",2020,Petrol,"2,82,000",/assets/Scooters/Aprilia/SR 160.png
Aprilia,SR 160,Race Edition,160.03,11.1,11.6,35,105,7.5s,CVT,6,Disc,Drum,Single ABS,Telescopic,Monoshock,122.0,780.0,155.0,1365.0,"RS-GP Graphics, Red Wheels",3000 km,"₹30,000","1,41,800",2020,Petrol,"2,95,000",/assets/Scooters/Aprilia/SR 160.png
Aprilia,SR 160,Premium (2026),160.03,11.4,11.9,38,110,7.2s,CVT,6,Disc,Drum,Single ABS,Telescopic,Monoshock,122.0,780.0,155.0,1365.0,"TFT Dash, Navigation, LED",3000 km,"₹32,000","1,52,400",2025,Petrol,"3,15,000",/assets/Scooters/Aprilia/SR 160.png
Aprilia,SXR 125,Standard,124.45,9.48,10.19,40,90,9.2s,CVT,7,Disc,Drum,CBS,Telescopic,Adjustable Mono,129.0,775.0,161.0,1361.0,"LED Triple Headlamp, LCD Dash",3000 km,"₹22,000","1,22,600",2021,Petrol,"2,15,000",frontend/public/assets/Scooters/Aprilia/SR 125.png
Aprilia,SXR 125,Premium (2026),124.45,9.61,10.33,42,93,8.8s,CVT,7,Disc,Drum,CBS,Telescopic,Adjustable Mono,129.0,775.0,161.0,1361.0,"Full TFT Dash, Navigation",3000 km,"₹25,000","1,33,000",2024,Petrol,"2,28,000",frontend/public/assets/Scooters/Aprilia/SR 125.png
Aprilia,SR 175,Race Spec (C),172.5,12.8,14.5,30,118,6.8s,CVT,6,Disc,Drum,Single ABS,Telescopic,Monoshock,124.0,780.0,155.0,1365.0,"Carbon Fiber Parts, Racing Exhaust",2500 km,"₹35,000","1,65,000",2024,Petrol,"3,50,000",/assets/Scooters/Aprilia/SR 175.png
Aprilia,SR 175,Ultra Premium,172.5,13.1,14.8,30,122,6.5s,CVT,6,Disc,Disc,Dual ABS,Telescopic,Adjustable Mono,125.0,780.0,155.0,1365.0,"TFT Display, Quick Throttle",2500 km,"₹40,000","1,78,000",2025,Petrol,"3,75,000",/assets/Scooters/Aprilia/SR 175.png
Vespa,ZX 125,Standard (STD),124.45,9.65,10.11,45,90,10.5s,CVT,7.4,Disc,Drum,CBS,Single Side Arm,Mono Shock,115.0,770.0,155.0,1290.0,Monocoque Steel Body,3000 km,"₹25,000","1,14,290",2019,Petrol,"2,10,000",/assets/Scooters/Vespa/ZX 125.png
Vespa,ZX 125,Dual Tone,124.45,9.65,10.11,45,90,10.5s,CVT,7.4,Disc,Drum,CBS,Single Side Arm,Mono Shock,115.0,770.0,155.0,1290.0,Premium 2-Tone Paint,3000 km,"₹26,000","1,27,000",2023,Petrol,"2,25,000",/assets/Scooters/Vespa/ZX 125.png
Vespa,ZX 125,Officina 8,124.45,9.77,10.11,48,92,10.2s,CVT,7.4,Disc,Drum,CBS,Single Side Arm,Mono Shock,115.0,770.0,155.0,1290.0,"Limited Graphics, E20",3000 km,"₹28,000","1,34,000",2024,Petrol,"2,35,000",/assets/Scooters/Vespa/ZX 125.png
Vespa,VXL 125,Dual Tone,124.45,9.65,10.11,45,90,10.5s,CVT,7.4,Disc,Drum,CBS,Single Side Arm,Mono Shock,114.0,770.0,155.0,1290.0,Premium Dual Tone Paint,3000 km,"₹30,000","1,35,000",2023,Petrol,"2,42,000",/assets/Scooters/Vespa/VXL 125.png
Vespa,VXL 150,Standard (STD),149.5,10.64,11.26,40,95,8.8s,CVT,7.4,Disc,Drum,Single ABS,Single Side Arm,Mono Shock,115.0,770.0,155.0,1290.0,"150cc Power, ABS Standard",3000 km,"₹32,000","1,46,000",2015,Petrol,"2,85,000",/assets/Scooters/Vespa/VXL 150.png
Vespa,VXL 150,Dual Tone,149.5,10.64,11.26,40,95,8.8s,CVT,7.4,Disc,Drum,Single ABS,Single Side Arm,Mono Shock,115.0,770.0,155.0,1290.0,"Dual Tone Colors, ABS",3000 km,"₹34,000","1,49,000",2023,Petrol,"2,95,000",/assets/Scooters/Vespa/VXL 150.png
Vespa,SXL 125,Dual Tone,124.45,9.65,10.11,45,90,10.5s,CVT,7.4,Disc,Drum,CBS,Single Side Arm,Mono Shock,114.0,770.0,155.0,1290.0,"Premium Graphics, 2-Tone",3000 km,"₹30,000","1,41,000",2023,Petrol,"2,48,000",/assets/Scooters/Vespa/SXL 125.png
Vespa,SXL 150,Standard (STD),149.5,10.64,11.26,40,95,8.8s,CVT,7.4,Disc,Drum,Single ABS,Single Side Arm,Mono Shock,115.0,770.0,155.0,1290.0,"ABS Standard, High Torque",3000 km,"₹32,000","1,51,000",2015,Petrol,"2,90,000",/assets/Scooters/Vespa/SXL 150.png
Vespa,SXL 150,Racing Sixties,149.5,10.64,11.26,40,98,8.5s,CVT,7.4,Disc,Drum,Single ABS,Single Side Arm,Mono Shock,115.0,770.0,155.0,1290.0,"Retro Racing Livery, Gold Rims",3000 km,"₹35,000","1,58,000",2020,Petrol,"3,05,000",/assets/Scooters/Vespa/SXL 150.png
Vespa,SXL 150 Tech,V-Tech (Premium),149.5,10.64,11.26,40,98,8.2s,CVT,7.4,Disc,Drum,Single ABS,Single Side Arm,Mono Shock,116.0,770.0,155.0,1290.0,"Navigation, Voice Commands",3000 km,"₹32,000","1,62,000",2024,Petrol,"3,10,000",/assets/Scooters/Vespa/SXL 150.png
Vespa,GTS Tech (India),Flagship 150,155.1,12.5,12.2,38,105,7.5s,CVT,7.4,Disc,Disc,Dual ABS,Single Side Arm,Dual Shocks,122.0,780.0,160.0,1340.0,"TFT Screen, Keyless, TBT",3000 km,"₹40,000","1,85,000",2025,Petrol,"3,65,000",/assets/Scooters/Vespa/GTS Tech (India).png
Vespa,SXL 150,Justin Bieber,149.5,10.8,11.3,40,100,8.2s,CVT,7.4,Disc,Drum,Single ABS,Single Side Arm,Mono Shock,115.0,770.0,155.0,1290.0,All-White Monochromatic,3000 km,"₹45,000","6,45,000",2023,Petrol,"8,50,000",/assets/Scooters/Vespa/SXL 150.png
Vespa,VXL 150,Dragon Edition,155.1,12.5,12.4,38,105,7.5s,CVT,7.4,Disc,Disc,Dual ABS,Single Side Arm,Dual Shocks,122.0,780.0,160.0,1340.0,"Emerald Green, Varsity Jacket",3000 km,"₹50,000","14,25,000",2024,Petrol,"16,50,000",/assets/Scooters/Vespa/VXL 150.png
Vespa,SXL 125,Dual Tone (Spl),124.4,9.65,10.11,45,92,10.2s,CVT,7.4,Disc,Drum,CBS,Single Side Arm,Mono Shock,114.0,770.0,155.0,1290.0,"TFT Display, 2-Tone Paint",3000 km,"₹32,000","1,48,000",2025,Petrol,"2,65,000",/assets/Scooters/Vespa/SXL 125.png
Vespa,946,(RED) Edition,125.0,11.7,10.3,45,93,10.5s,CVT,8.5,Disc,Disc,Dual ABS+ASR,Single Arm,Gas Mono,147.0,805.0,140.0,1405.0,"All Red Paint, AIDS Charity",3000 km,"₹85,000","12,80,000",2017,Petrol,"15,20,000",frontend/public/assets/Scooters/Vespa/GTS Tech (India).png
Vespa,946,Christian Dior,155.1,12.5,12.4,38,105,8.2s,CVT,8,Disc,Disc,Dual ABS+ASR,Single Arm,Gas Mono,152.0,805.0,140.0,1405.0,"Dior Motif, Gold Accents",2500 km,"₹1,50,000","25,00,000",2021,Petrol,"28,50,000",frontend/public/assets/Scooters/Vespa/GTS Tech (India).png
Vespa,946,10th Anniv (Bunny),155.1,12.5,12.4,38,105,8.2s,CVT,8,Disc,Disc,Dual ABS+ASR,Single Arm,Gas Mono,152.0,805.0,140.0,1405.0,Lunar Calendar Graphics,2500 km,"₹1,20,000","13,50,000",2023,Petrol,"16,50,000",frontend/public/assets/Scooters/Vespa/GTS Tech (India).png
Vespa,946,Dragon Edition,155.1,12.5,12.4,38,105,8.2s,CVT,8,Disc,Disc,Dual ABS+ASR,Single Arm,Gas Mono,152.0,805.0,140.0,1405.0,"Emerald Dragon, Varsity Kit",2500 km,"₹1,30,000","14,25,000",2024,Petrol,"17,20,000",frontend/public/assets/Scooters/Vespa/GTS Tech (India).png
